,Song Type,Title,LINK
0,Real,Three Little Birds,https://youtu.be/HNBCVM4KbUM?si=hN2504I5vDT-pHrh
1,Real,Could You Be Loved,https://youtu.be/1ti2YCFgCoI?si=GENEhkgrLVHfQ9Gj
2,Real,Is This Love,https://youtu.be/69RdQFDuYPI?si=J_C9WdIHf3NRTR2T
3,Real,Jamming,https://youtu.be/oqVy6eRXc7Q?si=tAE8RFJ2sweqTT1a
4,Real,Buffalo Soldier,https://youtu.be/uMUQMSXLlHM?si=XFcnRwx6ITYW8Ur2
5,Real,Beat Down Babylon,https://youtu.be/LzZ5PeBHZl0?si=PRTbZTXoz1JP1kG0
6,Real,Disco Devil,https://youtu.be/vjC2WT7VOyE?si=ZDtGl6aK_38r53lh
7,Real,Having A Party,https://youtu.be/pEwEOv1QRk8?si=ytWeO4waR7oucrKY
8,Real,I Am The Upsetter,https://youtu.be/JE4ja5oErfA?si=uwWPqnS2ww6xxNov
9,Real,Rude Boy,https://youtu.be/iqi6Xn5DQlQ?si=KLh5HgJtl1yc1DKo
10,Real,Marcus Garvey,https://youtu.be/oGN3R49-CAE?si=cfvGmM5MQXqAH8IS
11,Real,Hail H.I.M,https://youtu.be/2m76FRV92Rg?si=tPf1wyIP2H5ew3YO
12,Real,Columbus,https://youtu.be/7qXHU6wla8A?si=__rzp1pbnZKn-osK
13,Real,African Teacher,https://youtu.be/AFky4_XpB6c?si=4oFHBrjFbojFgRu2
14,Real,Slavery Days,https://youtu.be/zL3rt6RTqps?si=hr5orcpO7IlhVaqC
15,Real,Johnny B. Goode,https://youtu.be/FTvehe6kPjU?si=8i2jDlRZUwEm5kIa
16,Real,Legalize It,https://youtu.be/6cIePqdz03A?si=9Cz0YpHdnY7p3Xay
17,Real,Wanted Dread and Alive,https://youtu.be/h87cbH7Iogc?si=XTG7_JqK9j-1vZDE
18,Real,I Am That I Am,https://youtu.be/2DMTgTaWGnE?si=LJwPE0lcS9o2ZSZ4
19,Real,"Get Up, Stand Up",https://youtu.be/mnq1whAJ05Q?si=gLGbtvcbHORlL5_s
20,Real,I Can See Clearly Now,https://youtu.be/MrHxhQPOO2c?si=oU-Ej5A3VODvEOmr
21,Real,Reggae Night,https://youtu.be/m3Uh24QiJUI?si=j_ZPiHDHdHpg519Q
22,Real,The Harder They Come,https://youtu.be/7Znh0OM9jiA?si=w_xxc-1A77j47fe3
23,Real,"Wonderful World, Beautiful People",https://youtu.be/zCJYl9Irayk?si=ZCxyiSk4Txonr5Jp
24,Real,You Can Get It If You Really Want,https://youtu.be/U7dBMYUyRAQ?si=Eb34TdO3YUmtO8eh
25,AI,Embrace The Joy,https://www.youtube.com/watch?v=UTuW2v-ySa8&list=PLRpL2VYij6DEc_TdmVuY3DEpG20G2HnON
26,AI,Warriors of Society,https://youtu.be/mcyrlJxmtXA?si=fQHlELAwLL-XHAWj
27,AI,Slumber,https://youtu.be/m4viFEZyo1U?si=-8_mqMSkT_BUrLa0
28,AI,On My Own,https://youtu.be/aK4EUJzSpXw?si=7gU8gbv-XxdHusuy
29,AI,Set Me Free,https://youtu.be/_Qw8oIK7exM?si=Bo132TVfA35q3B7i
30,AI,Weekend's Melody,https://youtu.be/5NNP_nk_VhY?si=-W0hLlXo-gD2eXfE
31,AI,MAÑANA MAN,https://youtu.be/Yhx_R7dvVFA?si=bfgKXm05E3VeX6pD
32,AI,Babylon Online,https://youtu.be/PWpjzC1VjAs?si=UdrcE3VX8AeSKDJf
33,AI,Book of Life,https://youtu.be/Emvss6IUELo?si=hbUUrpN0uBPoVTC9
34,AI,Seeds of Tomorrow,https://youtu.be/BBH4ZJdFpcA?si=Un9Y3sKoea7SCVeM
35,AI,Michael Jackson – They Don't Care About Us,https://www.youtube.com/watch?v=uSXpEE0gLKA&list=PLwRnSrsZvWUNrKzlnzbanCBZwX_mDRZTW
36,Real,Etana - Blessings ft. Alborosie | Official Music Video,https://www.youtube.com/watch?v=gAMZMWvAxjo
37,Real,Alborosie - Herbalist,https://www.youtube.com/watch?v=MYp_gJQwRx8
38,Real,Alborosie - Kingdom Of Zion (audio),https://www.youtube.com/watch?v=MP3Cu1UZbZc
39,Real,Alborosie - Rastafari Anthem (audio),https://www.youtube.com/watch?v=3A0ETb9z_PQ
40,Real,Alborosie - Still Blazing (audio),https://www.youtube.com/watch?v=uA112N_meog
41,Real,Apartheid Is Nazism (2010 Remastered Edition),https://www.youtube.com/watch?v=Em1ciK2xpcw
42,Real,Brigadier Sabari (2010 Remastered Edition),https://www.youtube.com/watch?v=Q7JYvWpCMJI
43,Real,Cocody Rock (2010 Remastered Edition),https://www.youtube.com/watch?v=jNPdBP_4dyc
44,Real,I Wish You Were Here,https://www.youtube.com/watch?v=wTrJ1mWach0
45,Real,Alpha Blondy - Jerusalem (Official Video),https://www.youtube.com/watch?v=WcqK9Ls7Eos
46,Real,Alton Ellis - Breaking up is hard to do-Studio One Reggae,https://www.youtube.com/watch?v=siawqK8fjGs
47,Real,Cry Tough - Original,https://www.youtube.com/watch?v=v86zbB9ONsU
48,Real,Alton Ellis - Dance Crasher,https://www.youtube.com/watch?v=-Ctg1FK0sYE
49,Real,Alton Ellis  - I'm Just A Guy  1967,https://www.youtube.com/watch?v=_BAv5lA_bzQ
50,Real,"Alton Ellis ""I'm Still In Love With You Girl""",https://www.youtube.com/watch?v=yR8XrBKLc1E
51,Real,Alton Ellis  -  If I Could Rule The World  1965 73,https://www.youtube.com/watch?v=DVGx7s2d0zk
52,Real,Alton Ellis -  Muriel -    (Live at London Jazz Cafe 2008),https://www.youtube.com/watch?v=abVMvBOI7ng
53,Real,Alton Ellis - Rocksteady,https://www.youtube.com/watch?v=9HhN3iNmFb8
54,Real,Alton Ellis - These Eyes,https://www.youtube.com/watch?v=_HRnS9y5zzg
55,Real,Alton Ellis 'What Does It Take (To Win Your Love)' (Official Audio),https://www.youtube.com/watch?v=RxWmjMMhApE
56,Real,Aswad - Don't Turn Around,https://www.youtube.com/watch?v=xhkNb3XXats
57,Real,Dub Fire,https://www.youtube.com/watch?v=7cC8ZZa-Grw
58,Real,ASWAD - GIVE A LITTLE LOVE,https://www.youtube.com/watch?v=g_WINUbpjmM
59,Real,Aswad - Next To You,https://www.youtube.com/watch?v=xgEcXALPzN0
60,Real,Aswad  -  Night Nurse   2002,https://www.youtube.com/watch?v=Lh4aoEgnt4g
61,Real,Roots Rocking,https://www.youtube.com/watch?v=VA9gRfaiK2o
62,Real,Aswad - Shine,https://www.youtube.com/watch?v=IIw3BtSPHtI
63,Real,Aswad ‎- Warrior Charge,https://www.youtube.com/watch?v=E25u3xfiNW8
64,Real,Augustus Pablo - King Tubby Meets Rockers Uptown,https://www.youtube.com/watch?v=wbCrYBWh62Y
65,Real,Augustus Pablo - King Tubby Meets Rockers Uptown,https://www.youtube.com/watch?v=wbCrYBWh62Y
66,Real,Barrington Levy - Black Roses,https://www.youtube.com/watch?v=OdhEAl_sI1A
67,Real,Barrington Levy - Bounty Hunter,https://www.youtube.com/watch?v=4-JBjuxq0sw
68,Real,Barrington Levy   Here I Come Broader Than Broadway HQ Video,https://www.youtube.com/watch?v=3epH_KNnwYE
69,Real,Barrington Levy - Money Move (Power House LP 1984),https://www.youtube.com/watch?v=UcVAKRRhQc4
70,Real,Barrington Levy - Murderer,https://www.youtube.com/watch?v=W9mvTNh-plY
71,Real,Too Experienced - Barrington Levy,https://www.youtube.com/watch?v=HBDhHZRmMW4
72,Real,Under Mi Sensi,https://www.youtube.com/watch?v=uozhx1xeTDg
73,Real,Bad Man Nuh Flee,https://www.youtube.com/watch?v=g1ogOfIilbo
74,Real,Beenie Man - Call di doctor (Chicatita riddim),https://www.youtube.com/watch?v=jMPOAyhDmXs
75,Real,Dude,https://www.youtube.com/watch?v=6WX4Ugjh7dE
76,Real,"Beenie Man, Mya - Girls Dem Sugar",https://www.youtube.com/watch?v=sW_ePQRvrKI
77,Real,Beenie Man - King Of The Dancehall,https://www.youtube.com/watch?v=D_rkOdie5KY
78,Real,Beenie Man- Let Him Go,https://www.youtube.com/watch?v=E_LWp7z_Grk
79,Real,Beenie Man feat. Fambo- I'm Okay/Drinking Rum & Redbull Official Music Video HD,https://www.youtube.com/watch?v=uCPeIBulq9I
80,Real,Beenie Man - Who Am I (Sim Simma) | Official Music Video,https://www.youtube.com/watch?v=WI-xQ7IksUc
81,Real,Beenie Man - Who Am I (Dancehall Remix) | Official Audio,https://www.youtube.com/watch?v=B5N5wMbu8KQ
82,Real,Beres Hammond  -  Ain't That Loving You    2003,https://www.youtube.com/watch?v=dyRN8CzOBzc
83,Real,Come Back Home,https://www.youtube.com/watch?v=ZEuCEQTp7Bc
84,Real,Beres Hammond - I Feel Good | Official Music Video,https://www.youtube.com/watch?v=HDan4GiflkA
85,Real,Beres Hammond - Love Means Never To Say I'm Sorry,https://www.youtube.com/watch?v=Uq8fqmSzsRI
86,Real,No Disturb Sign,https://www.youtube.com/watch?v=gNT_gM-fMhA
87,Real,Beres Hammond - Rockaway | Official Music Video,https://www.youtube.com/watch?v=Dj-E-YnyLK4
88,Real,Beres Hammond - She Loves Me Now,https://www.youtube.com/watch?v=cHc9k_opCyw
89,Real,Beres Hammond Tempted to Touch,https://www.youtube.com/watch?v=_kD2UkV0QPA
90,Real,They Gonna Talk,https://www.youtube.com/watch?v=GwF_pMS9OuM
91,Real,Beres Hammond- What one dance can do,https://www.youtube.com/watch?v=iHOecNgHzHE
92,Real,Black Uhuru - Guess whos coming to dinner,https://www.youtube.com/watch?v=KWEGXb2juvM
93,Real,Black Uhuru - Sinsemilla,https://www.youtube.com/watch?v=8vCumnMX1HU
94,Real,Sistren,https://www.youtube.com/watch?v=TKWpr9CY_qw
95,Real,Sponji Reggae - Black Uhuru,https://www.youtube.com/watch?v=fcEP801Xlow
96,Real,Bob Marley & The Wailers - Buffalo Soldier (Official Music Video),https://www.youtube.com/watch?v=uMUQMSXLlHM
97,Real,Bob Marley & The Wailers - Could You Be Loved (Official Music Video),https://www.youtube.com/watch?v=1ti2YCFgCoI
98,Real,"Bob Marley & The Wailers - Get Up, Stand Up (Live At The Rainbow Theatre, London / 1977)",https://www.youtube.com/watch?v=JLYOOezs3DA
99,Real,Bob Marley - Is This Love (Official Music Video),https://www.youtube.com/watch?v=69RdQFDuYPI
100,Real,Bob Marley & The Wailers - Jamming (Official Music Video),https://www.youtube.com/watch?v=oqVy6eRXc7Q
101,Real,"Bob Marley & The Wailers - No Woman, No Cry (Live At The Rainbow 4th June 1977)",https://www.youtube.com/watch?v=mZ6VezKMoRY
102,Real,Bob Marley & The Wailers - One Love / People Get Ready (Official Music Video),https://www.youtube.com/watch?v=IN0KkGeEURw
103,Real,"Roots, Rock, Reggae (1976) - Bob Marley & The Wailers",https://www.youtube.com/watch?v=OQYmGg3mKHg
104,Real,Stir It Up (Jamaican Version),https://www.youtube.com/watch?v=sWRlNpy8jB8
105,Real,Bob Marley & The Wailers - Three Little Birds (Official Music Video),https://www.youtube.com/watch?v=HNBCVM4KbUM
106,Real,Waiting In Vain (1977) - Bob Marley & The Wailers,https://www.youtube.com/watch?v=IWxbhC44p2w
107,Real,Buju Banton - Champion (Official Music Video),https://www.youtube.com/watch?v=TsrKloxhfaw
108,Real,Destiny,https://www.youtube.com/watch?v=AHsnSK0quvc
109,Real,Buju Banton - Hills and valleys,https://www.youtube.com/watch?v=0k27suBmV0U
110,Real,Buju Banton - Love Me Browning - Official Audio | Jet Star Music,https://www.youtube.com/watch?v=Ska1WdIixmk
111,Real,Buju Banton - Murderer,https://www.youtube.com/watch?v=WcP8_E8ygcA
112,Real,Buju Banton - Untold Stories (Official Music Video),https://www.youtube.com/watch?v=Kb-0Eo0Yk0o
113,Real,Buju Banton - Wanna Be Loved (Official Music Video),https://www.youtube.com/watch?v=YwSU0rcVTaE
114,Real,Bunny Wailer - Dreamland,https://www.youtube.com/watch?v=1jfoScCnjRY
115,Real,Bunny Wailer - Dreamland,https://www.youtube.com/watch?v=1jfoScCnjRY
116,Real,Mellow Mood,https://www.youtube.com/watch?v=MGhmUEoocA8
117,Real,Vin Gordon - Kojo Hoy / Kojo Dub,https://www.youtube.com/watch?v=uFyxrsms8-0
118,Real,Bad to Worst (2002 Remaster),https://www.youtube.com/watch?v=HOIYtK--o_8
119,Real,Columbus (2002 Remastered Version),https://www.youtube.com/watch?v=CZyTqj-vRrM
120,Real,Give Me,https://www.youtube.com/watch?v=M0fwkg_-rl4
121,Real,Hail H.I.M (2002 Remastered Version),https://www.youtube.com/watch?v=EUdCweRtqi8
122,Real,12'' Burning Spear - Jah No Dead,https://www.youtube.com/watch?v=LyjQyLIgRgA
123,Real,Burning Spear - Man in the Hills,https://www.youtube.com/watch?v=2RrXgpbzgEo
124,Real,Burning Spear - Marcus Garvey - 01 - Marcus Garvey,https://www.youtube.com/watch?v=oGN3R49-CAE
125,Real,Burning Spear -  Slavery Days (Live on 2 Meter Sessions),https://www.youtube.com/watch?v=BpAkVlESkHw
126,Real,Burning Spear - Social Living - 02 - Social Living,https://www.youtube.com/watch?v=kiHMvpQWCTI
127,Real,Traveling,https://www.youtube.com/watch?v=_aMFeITrcAU
128,Real,Capleton - Burning Now (hennessy riddim),https://www.youtube.com/watch?v=VlkZQ3Samrk
129,Real,Fireman CAPLETON in Rub-A -Dub Style,https://www.youtube.com/watch?v=tlPrvFqknrE
130,Real,Capleton - Jah Jah City,https://www.youtube.com/watch?v=_xknsHOCyfg
131,Real,"CAPLETON ""Prophet Rides Again""",https://www.youtube.com/watch?v=-UTJyQf825o
132,Real,Capleton - That Day Will Come (Video),https://www.youtube.com/watch?v=-JvsImWF8-w
133,Real,Capleton- Tour,https://www.youtube.com/watch?v=uNg1fciXGGk
134,Real,Who Dem?,https://www.youtube.com/watch?v=Ui5X51qcKco
135,Real,Chronixx - Here Comes Trouble (Official Music Video),https://www.youtube.com/watch?v=LfeIfiiBTfY
136,Real,"Chronixx - ""I Can"" (Official Music Video)",https://www.youtube.com/watch?v=fUREgj4i684
137,Real,Chronixx - Likes (Official Music Video) | Chronology OUT NOW,https://www.youtube.com/watch?v=6Wq_K61Mh1A
138,Real,Odd Ras,https://www.youtube.com/watch?v=hk7Lgh0AW74
139,Real,Chronixx - Selassie Children [OFFICIAL AUDIO] | Chronology,https://www.youtube.com/watch?v=FuQVcn5yReo
140,Real,"Chronixx - ""Skankin' Sweet"" [Official Video] | Chronology",https://www.youtube.com/watch?v=049km3Vc02c
141,Real,Chronixx - Smile Jamaica (Official Video) - prod. by Silly Walks Discotheque,https://www.youtube.com/watch?v=vofff0Ei3kk
142,Real,Behold Jah Jah,https://www.youtube.com/watch?v=QW_0exwHsEQ
143,Real,Cocoa Tea - Good Life,https://www.youtube.com/watch?v=vt_E_4IaBdE
144,Real,Rocking Dolly,https://www.youtube.com/watch?v=W5GWsi87tE4
145,Real,She loves me now - Cocoa Tea,https://www.youtube.com/watch?v=MWCWUi2MZpo
146,Real,Cocoa Tea  - Young Lover (Lyrics),https://www.youtube.com/watch?v=COwY42d0z5k
147,Real,culture - i'm not ashamed,https://www.youtube.com/watch?v=9b3a7hiPj68
148,Real,Jah Rastafari (2001 Digital Remaster),https://www.youtube.com/watch?v=7MRGqV8PGxs
149,Real,Love Shine Bright (2000 Digital Remaster),https://www.youtube.com/watch?v=i9Ha2njUA08
150,Real,Natty Dread Taking Over,https://www.youtube.com/watch?v=KJhfA0i-FDY
151,Real,Culture jah see dem a come,https://www.youtube.com/watch?v=AcFDCAv3l3I
152,Real,The International Herb (2001 Digital Remaster),https://www.youtube.com/watch?v=gEkV9EpWkDw
153,Real,"Culture - Two Sevens Clash, 1977",https://www.youtube.com/watch?v=A3PjURr7lb4
154,Real,Culture - Zion Gate,https://www.youtube.com/watch?v=kfefipztGrA
155,Real,Damian Marley - Beautiful ft. Bobby Brown,https://www.youtube.com/watch?v=IBGYRtVqVSM
156,Real,Damian Marley x Stephen Marley - Grown & Sexy,https://www.youtube.com/watch?v=pnqwMsAEQRM
157,Real,Is It Worth It? (Gunman World),https://www.youtube.com/watch?v=GwjMPMGGVyY
158,Real,It Was Written,https://www.youtube.com/watch?v=qafd6YIDs7Q
159,Real,Khaki Suit,https://www.youtube.com/watch?v=qy6wD_IQs84
160,Real,"Damian ""Jr. Gong"" Marley - Medication ft. Stephen Marley",https://www.youtube.com/watch?v=9PukqhfMxfc
161,Real,Pimpa's Paradise,https://www.youtube.com/watch?v=wwRK8OrKlv0
162,Real,Damian Marley - Road To Zion ft. Nas Official Video,https://www.youtube.com/watch?v=I3g7UkOf5u4
163,Real,There For You,https://www.youtube.com/watch?v=E8qgqTf9bZQ
164,Real,Damian Marley - Welcome To Jamrock,https://www.youtube.com/watch?v=_GZlJGERbvE
165,Real,Dennis Brown - Cheater + Version Killer Roots,https://www.youtube.com/watch?v=zbKhp9JxdOY
166,Real,Dennis Brown - Here I Come [Best Quality],https://www.youtube.com/watch?v=ohhXi637ypg
167,Real,How Can I Leave You aka How Could I Live/ Bubbling Love,https://www.youtube.com/watch?v=vAYD6awMRYw
168,Real,DENNIS BROWN & BIG YOUTH - In His Own Way [1979],https://www.youtube.com/watch?v=w_4EgO2VIJY
169,Real,Dennis Brown - Love Has Found Its Way (Official Visualiser),https://www.youtube.com/watch?v=OuzFpc62_sU
170,Real,Money In My Pocket - Dennis Brown (1978 version) (official audio),https://www.youtube.com/watch?v=O1VbRLBY6vA
171,Real,Dennis Brown - Promised Land | Official Audio | The Harder They Fall (2021 film),https://www.youtube.com/watch?v=hpwZa8HX7mg
172,Real,Dennis Brown - Revolution [Official Album Audio],https://www.youtube.com/watch?v=0CGI0lS1ir4
173,Real,Dennis Brown - Westbound Train,https://www.youtube.com/watch?v=wkaNeYNlAik
174,Real,Dennis Brown - wolf and leopards,https://www.youtube.com/watch?v=MMLl9wRCBow
175,Real,Desmond Dekker & The Aces - 007 (Official Music Video),https://www.youtube.com/watch?v=kpVxwWQjIy0
176,Real,Desmond Dekker & The Aces – Israelites (Official Lyrics Video),https://www.youtube.com/watch?v=0wSXTN2EfRo
177,Real,Desmond Dekker & The Aces - It Mek (Official Audio),https://www.youtube.com/watch?v=5JXwN1HrnFY
178,Real,Desmond Dekker & the Aces - Keep a cool head ; Action! (1968),https://www.youtube.com/watch?v=tZCmsj4zTLU
179,Real,desmond dekker - mother long tongue ( beverley's 1967 ),https://www.youtube.com/watch?v=D4JgiwrA774
180,Real,Poor Me Israelites Desmond Dekker & Desmond Dekker Jnr Collaboration Version,https://www.youtube.com/watch?v=EWtqKmyQPho
181,Real,Desmond Dekker & The Aces - Rude Boy Train,https://www.youtube.com/watch?v=-xhpar75TBE
182,Real,Sing a Little Song,https://www.youtube.com/watch?v=etSGk3ngP1Y
183,Real,Desmond Dekker - Unity,https://www.youtube.com/watch?v=1EChQ4AcTKs
184,Real,Desmond Dekker   You Can Get It If You Really Want (official audio),https://www.youtube.com/watch?v=PLFmbE6Maa8
185,Real,I Just Can't Stop,https://www.youtube.com/watch?v=n05PMBXa_jU
186,Real,I'm Not Crazy,https://www.youtube.com/watch?v=gAcTAUanjgQ
187,Real,Don Carlos- Nice Time (Late Night Blues),https://www.youtube.com/watch?v=M2dr_d0hGcc
188,Real,Movin (To The Top),https://www.youtube.com/watch?v=QLO0MrqDLXk
189,Real,12'' Don Carlos - Mr Sun,https://www.youtube.com/watch?v=quvsj04WexE
190,Real,Rude Boy (Go Easy),https://www.youtube.com/watch?v=s9Roc3NIek8
191,Real,"Anarexol (12"")",https://www.youtube.com/watch?v=6mmhYfpEXSM
192,Real,Eek-a-Mouse - Ganja Smuggling,https://www.youtube.com/watch?v=XE0xXv-jQAI
193,Real,Eek-A-Mouse - Wa-Do-Dem,https://www.youtube.com/watch?v=VWxwbXLCPnc
194,Real,Big Ship Sailing - Freddie McGregor  (HQ Audio),https://www.youtube.com/watch?v=BO5arneLnjw
195,Real,FREDDIE McGREGOR - Bobby Bobylon [1979],https://www.youtube.com/watch?v=lSPcs0ahYro
196,Real,I was born a winner - Freddie McGregor,https://www.youtube.com/watch?v=C3oQ42reIKw
197,Real,Freddy Mcgregor - Just don't want to be lonely,https://www.youtube.com/watch?v=BbPFqcriuN0
198,Real,Push Come to Shove,https://www.youtube.com/watch?v=SdZZ6y5BqYc
199,Real,Gregory Isaacs - Cool Down The Pace,https://www.youtube.com/watch?v=-7WQ4K0zdAM
200,Real,If I Don't Have You (1990 Digital Remaster),https://www.youtube.com/watch?v=YZ7K5Ovndw8
201,Real,My Number One,https://www.youtube.com/watch?v=000rVpi5-LU
202,Real,Gregory Isaacs - Night Nurse,https://www.youtube.com/watch?v=K6oYyG0KcvQ
203,Real,Gregory Isaacs - Oh What A Feeling,https://www.youtube.com/watch?v=rX4WTQIxU1E
204,Real,Private Secretary,https://www.youtube.com/watch?v=DVVsXkbeqEo
205,Real,Rumours,https://www.youtube.com/watch?v=f77NV7PM7MY
206,Real,Gregory Isaacs - Soon Forward,https://www.youtube.com/watch?v=CO1YS4Ff0aU
207,Real,Gregory Isaacs    The Border Original version,https://www.youtube.com/watch?v=rl6kSGdQANY
208,Real,Fight All You Can,https://www.youtube.com/watch?v=ERU5AjJ0iG8
209,Real,Jah Jah Know,https://www.youtube.com/watch?v=_w8iqT4cVIg
210,Real,Greetings,https://www.youtube.com/watch?v=e8B7yYXqrjM
211,Real,Half Pint - Level The Vibes,https://www.youtube.com/watch?v=1FnYUkfRaBQ
212,Real,One Big Family,https://www.youtube.com/watch?v=QQu8TVI3JtU
213,Real,Substitute Lover,https://www.youtube.com/watch?v=5bJ_4MMAscQ
214,Real,Half Pint - Victory,https://www.youtube.com/watch?v=oAm87VmwYOw
215,Real,Horace Andy - Don´t try to use me  + Extended Mix (Makonnen Sounds Session),https://www.youtube.com/watch?v=gw5Euwz0qsA
216,Real,Ain't No Sunshine - Horace Andy,https://www.youtube.com/watch?v=b-2n7VLBHi0
217,Real,Horace Andy - Love Of A Woman,https://www.youtube.com/watch?v=ysyoP2mjYWI
218,Real,"Horace Andy ""Skylarking""",https://www.youtube.com/watch?v=RCHTAu4In70
219,Real,HORACE ANDY - Something On My Mind [1972],https://www.youtube.com/watch?v=5NXYSGcx1mM
220,Real,HORACE ANDY - You Are My Angel [1973],https://www.youtube.com/watch?v=6ZfYLAUNynE
221,Real,Bad Boys (Theme from Cops),https://www.youtube.com/watch?v=2Q3dGZPguSM
222,Real,Inner Circle - Games People Play (Official Video HD)(Audio HD),https://www.youtube.com/watch?v=TingYha7t7Y
223,Real,Inner Circle - Sweat (A La La La La Long),https://www.youtube.com/watch?v=-SvridcLD-I
224,Real,Tired Fe Lick Weed In A Bush,https://www.youtube.com/watch?v=_2wpfZEN8cU
225,Real,Inner Circle -  We 'A' Rockers,https://www.youtube.com/watch?v=G7sL-_Nl2QY
226,Real,Iration - Daytrippin (Official Video),https://www.youtube.com/watch?v=Hj8TcCopyzc
227,Real,Iration - Falling,https://www.youtube.com/watch?v=QmqPWdEuwhw
228,Real,Iration - Hotting Up [OFFICIAL MUSIC VIDEO],https://www.youtube.com/watch?v=qeIckqEWCvs
229,Real,Lost And Found (Official Lyric) - IRATION - Hotting Up,https://www.youtube.com/watch?v=sQepALP1Xwc
230,Real,Iration - Time Bomb,https://www.youtube.com/watch?v=UeyRvNFJgL0
231,Real,Iration - Turn Around,https://www.youtube.com/watch?v=Y7JWg07GF3o
232,Real,You Know You Don't Mind - IRATION - Hotting Up,https://www.youtube.com/watch?v=qnVejcgUgjw
233,Real,ISRAEL VIBRATION - Bad Intention [1976],https://www.youtube.com/watch?v=MKKkuhDLHps
234,Real,Cool and Calm,https://www.youtube.com/watch?v=TpqP9U9NzSQ
235,Real,Israel Vibration - Herb is the healing,https://www.youtube.com/watch?v=7DGeTmex51o
236,Real,Pay the Piper,https://www.youtube.com/watch?v=qWlLPaImRDY
237,Real,Rudeboy Shufflin' (Live 95),https://www.youtube.com/watch?v=o5jYyNl-bYQ
238,Real,ISRAEL VIBRATION - The Same Song [1978],https://www.youtube.com/watch?v=0B-magM6wNs
239,Real,Jacob Collier - Cinnamon Crush (Feat. Lindsey Lomis),https://www.youtube.com/watch?v=thAIw6vhchw
240,Real,Jacob Miller - Forward Jah Jah Children,https://www.youtube.com/watch?v=TKPNV0DckMs
241,Real,Jacob Miller - I'm A Natty (live),https://www.youtube.com/watch?v=h67Eepf1kas
242,Real,Mixed Up Moods,https://www.youtube.com/watch?v=1Wh4lqqBSjA
243,Real,Jacob Miller - Tenement Yard,https://www.youtube.com/watch?v=g5sOdcK2hp4
244,Real,Tired Fi Lick Weed,https://www.youtube.com/watch?v=aYZOYWhwA04
245,Real,Before I Leave,https://www.youtube.com/watch?v=CXHRd3NhBhQ
246,Real,"Jah Cure, Jah Cure - Call On Me ft. Phyllisia, Phyllisia",https://www.youtube.com/watch?v=B-sf5aycPnA
247,Real,Jah Cure - Journey (Official Video) HD,https://www.youtube.com/watch?v=zYeGGNTG8Y0
248,Real,Longing For - Jah Cure,https://www.youtube.com/watch?v=VnrplbIae64
249,Real,Love Is,https://www.youtube.com/watch?v=aqpmmfIwqgA
250,Real,Jah Cure - Never Find [Official Video],https://www.youtube.com/watch?v=KXwKKO7s-_M
251,Real,Jah Cure - True Reflections,https://www.youtube.com/watch?v=OMouFnbr7iU
252,Real,Jah Cure ft. Phylissa - Unconditional Love,https://www.youtube.com/watch?v=9pEKQt0r9TU
253,Real,John Holt 'Ali Baba' (Official Audio),https://www.youtube.com/watch?v=Z8D8Kp_sMu8
254,Real,Baby I'm a Want You,https://www.youtube.com/watch?v=Blqb9HnUF70
255,Real,John Holt - For The Love Of You,https://www.youtube.com/watch?v=uDT3tXnGFYk
256,Real,John Holt-If I Were a Carpenter,https://www.youtube.com/watch?v=G61qDnV23_Q
257,Real,"John Holt ""I Want A Love I Can Feel""",https://www.youtube.com/watch?v=RT_wBSd8w4A
258,Real,Never Never Never,https://www.youtube.com/watch?v=FvAUlhvVxR8
259,Real,Police In Helicopter,https://www.youtube.com/watch?v=eR8UnjYag-U
260,Real,John Holt - Stick By Me,https://www.youtube.com/watch?v=IfAEib9eWb4
261,Real,Sweetie come brush me--John Holt,https://www.youtube.com/watch?v=XMWqxyX7jPE
262,Real,JOHN HOLT - Up Park Camp [1977],https://www.youtube.com/watch?v=Kf8LXH0PuYE
263,Real,Rasta Should Be Deeper,https://www.youtube.com/watch?v=jN21FstgeV8
264,Real,Junior Reid-Boom Shack-A-Lak,https://www.youtube.com/watch?v=CYgnE45HtVs
265,Real,Cross Over The Border,https://www.youtube.com/watch?v=HYyhjxSjfOM
266,Real,Jah Love You Always,https://www.youtube.com/watch?v=heyRy0fCRVI
267,Real,Junior Reid - One Blood [Audio],https://www.youtube.com/watch?v=Q58l-DZLA5A
268,Real,Max Romeo & Lee 'Scratch' Perry: Chase The Devil/Disco Devil (Official Visualiser),https://www.youtube.com/watch?v=CfK5mpClOoI
269,Real,Disco Devil (Extended Version),https://www.youtube.com/watch?v=vjC2WT7VOyE
270,Real,Lee 'Scratch' Perry: Jungle Lion (Official Visualiser),https://www.youtube.com/watch?v=O83fBFqsn4A
271,Real,"Lee ""Scratch"" Perry x Bob Riddim feat. Xana Romeo - Police & Thieves [Official Video 2024]",https://www.youtube.com/watch?v=Ib_7kaoe3uw
272,Real,Roast Fish and Corn Bread (Jamaican Mix),https://www.youtube.com/watch?v=zpVtxNCPQu0
273,Real,Sin Semilla Kaya Dub,https://www.youtube.com/watch?v=_BOeux37NHs
274,Real,"Lee Scratch Perry ""War Ina Babylon"" w/ Subatomic Sound System live",https://www.youtube.com/watch?v=CvUswefcglU
275,Real,Linton Kwesi Johnson - Dread Beat An' Blood - 01 - Dread Beat An' Blood,https://www.youtube.com/watch?v=YuJdUsu-jbo
276,Real,Fite Dem Back,https://www.youtube.com/watch?v=4QDLXZRhqAA
277,Real,Linton Kwesi Johnson - Inglan Is a Bitch,https://www.youtube.com/watch?v=isMjvRpAckU
278,Real,Man Free,https://www.youtube.com/watch?v=Km6cE9yfv6Y
279,Real,Reggae Fi Peach,https://www.youtube.com/watch?v=zrDfELIu8Lw
280,Real,Linton Kwesi Johnson - Sonny's Lettah (Anti-sus Poem),https://www.youtube.com/watch?v=7uvY5qU7ayg
281,Real,Lucky Dube - Back to My Roots (Official Audio),https://www.youtube.com/watch?v=kPtGZ-H40Ks
282,Real,"Lucky Dube - Different Colours, One People (Official Music Video)",https://www.youtube.com/watch?v=YszQiElhKxA
283,Real,House of Exile (Remastered 2012),https://www.youtube.com/watch?v=lMVeq9qZtxI
284,Real,Lucky Dube - It's Not Easy (Official Audio),https://www.youtube.com/watch?v=IwvNG243sjA
285,Real,Lucky Dube - Prisoner (Official Audio),https://www.youtube.com/watch?v=RsKAaLVNOLw
286,Real,Lucky Dube – Rastas Never Dies (Official Lyric Video),https://www.youtube.com/watch?v=PnTmXD4eDKk
287,Real,Lucky Dube - Remember Me,https://www.youtube.com/watch?v=efd5whbLGZc
288,Real,Lucky Dube - Slave (Official Audio),https://www.youtube.com/watch?v=Ww3PWzt-Sl4
289,Real,Lucky Dube - 'The way it is' (music video),https://www.youtube.com/watch?v=9obm__-OGdI
290,Real,Lucky Dube - Together As One (Official Lyric Video),https://www.youtube.com/watch?v=5nwUS3DdIC0
291,Real,don't let me down / marcia griffiths,https://www.youtube.com/watch?v=dtpDmZpjsJE
292,Real,Marcia Griffiths - Electric Boogie (video),https://www.youtube.com/watch?v=eYlZs3-w_Eg
293,Real,Marcia Griffiths | Feel Like Jumping studio one,https://www.youtube.com/watch?v=Ur5yqXuvno0
294,Real,I've Got to Go Back Home,https://www.youtube.com/watch?v=kCQ6jtR0KGI
295,Real,Marcia Griffiths - Sweet Bitter Love,https://www.youtube.com/watch?v=DpN0Lt-TqrE
296,Real,"Bob & Marcia   Young, Gifted & Black (Official Audio)",https://www.youtube.com/watch?v=ZV_afu1-jDw
297,Real,Matisyahu - Jerusalem (Out Of Darkness Comes Light),https://www.youtube.com/watch?v=H8ULIw0Zgaw
298,Real,Matisyahu - King Without A Crown (Live from Stubb's),https://www.youtube.com/watch?v=dsFpUW48Tnc
299,Real,Matisyahu - Live Like A Warrior (Official Lyric Video),https://www.youtube.com/watch?v=p53pDNodxHE
300,Real,Matisyahu - One Day (YouTube Version),https://www.youtube.com/watch?v=WRmBChQjZPs
301,Real,"Sea to Sea (Live at Stubb's, Austin, TX - February 2005)",https://www.youtube.com/watch?v=7uyjRNLckAQ
302,Real,Matisyahu - Sunshine,https://www.youtube.com/watch?v=E_Vt4MlbM0c
303,Real,Time Of Your Song,https://www.youtube.com/watch?v=Xqaaiq-cU90
304,Real,MAX ROMEO - Chase The Devil (1976) [HD Video Clip],https://www.youtube.com/watch?v=XcMNfX5yh28
305,Real,No Place Like Home,https://www.youtube.com/watch?v=Uu8G4exThE0
306,Real,Norman,https://www.youtube.com/watch?v=Lh_zfFbileE
307,Real,Max Romeo - One Step Forward,https://www.youtube.com/watch?v=Lixm0ajWCi8
308,Real,Three Blind Mice,https://www.youtube.com/watch?v=PFlRc2AvQHI
309,Real,Max Romeo - Wet Dream (Official Audio),https://www.youtube.com/watch?v=m7xLUXHNw8g
310,Real,MAXI PRIEST  CLOSE TO YOU,https://www.youtube.com/watch?v=Wu8Z5ABLwC4
311,Real,Maxi Priest - Just A Little Bit Longer (Monsoon Remastered),https://www.youtube.com/watch?v=4H2njnDibzk
312,Real,Should I (Put My Trust In You),https://www.youtube.com/watch?v=0F4OQbGp9PI
313,Real,Maxi Priest - Some Guys Have All The Luck,https://www.youtube.com/watch?v=dm3z_7Dl5b4
314,Real,Maxi Priest - Wild World (Official Video),https://www.youtube.com/watch?v=S4ZWD_0VRK8
315,Real,Country Living,https://www.youtube.com/watch?v=oM8zGZlNJMo
316,Real,Have Mercy (2001 Digital Remaster),https://www.youtube.com/watch?v=4cgraPW4BSg
317,Real,Heads Of Government,https://www.youtube.com/watch?v=mWj9w7Z99BM
318,Real,I Need a Roof,https://www.youtube.com/watch?v=MwJOqhJocoY
319,Real,The Mighty Diamonds   Pass The Kouchie,https://www.youtube.com/watch?v=iGkw4Sl9kFo
320,Real,Right Time (2001 Digital Remaster),https://www.youtube.com/watch?v=JJ8yi2pnREA
321,Real,Shame and Pride,https://www.youtube.com/watch?v=SxMP_nRU4qk
322,Real,Dread at the Controls,https://www.youtube.com/watch?v=-PMZNj0bhlA
323,Real,Prophecy,https://www.youtube.com/watch?v=DrNxNqX4XmM
324,Real,Mikey Dread - Roots and Culture,https://www.youtube.com/watch?v=8u9g9XjjYJ0
325,Real,Saturday Night Style (Dub / Instrumental Reggae Music),https://www.youtube.com/watch?v=JJSQMxoGEfk
326,Real,Swalk,https://www.youtube.com/watch?v=ILX8XmZC25Y
327,Real,Morgan Heritage - Don't Haffi Dread,https://www.youtube.com/watch?v=VLZDucQFnuQ
328,Real,Down by the River,https://www.youtube.com/watch?v=Oo3Akc6sHls
329,Real,Morgan Heritage - Nothing To Smile about {HD},https://www.youtube.com/watch?v=hS1ksCv9o5c
330,Real,Reggae Bring Back Love,https://www.youtube.com/watch?v=f0XaGcIWxjY
331,Real,Morgan Heritage - SHE'S STILL LOVING ME,https://www.youtube.com/watch?v=y79XfaTX9jw
332,Real,Morgan Heritage - Tell Me How Come,https://www.youtube.com/watch?v=1UvyLS4Prq0
333,Real,The World Is Yours- Official Music Video,https://www.youtube.com/watch?v=r3sBpLlPmlY
334,Real,Trodding To Zion,https://www.youtube.com/watch?v=DUtnh4DU7ms
335,Real,UB40 & Pato Banton - Baby Come Back,https://www.youtube.com/watch?v=pSywtiAirKE
336,Real,Don't Sniff Coke (Live),https://www.youtube.com/watch?v=vWZ4Mv3v0PA
337,Real,Go Pato - Official Video,https://www.youtube.com/watch?v=E1V2eJYoQAA
338,Real,Sky is the Limit - Rebelution,https://www.youtube.com/watch?v=PvdL5EHmPAo
339,Real,OH Mr. DC - Sugar Minott,https://www.youtube.com/watch?v=oI7_QU63d-U
340,Real,Chalice In The Palace (1990 Digital Remaster),https://www.youtube.com/watch?v=rcnI79rvaPY
